reviewer_initials,paperid,version,link
ecn,alvarenga2016a,v0.1,https://docs.google.com/spreadsheets/d/16cggDeW_DRwjbxWXilATSNVIdBKlTj3LR9OFpTDQR0g
ecn,stafford2018,v0.1,https://docs.google.com/spreadsheets/d/16cggDeW_DRwjbxWXilATSNVIdBKlTj3LR9OFpTDQR0g
ecn,nowacek2016,v0.1,https://docs.google.com/spreadsheets/d/16cggDeW_DRwjbxWXilATSNVIdBKlTj3LR9OFpTDQR0g
ecn,balmer2018,v0.1,https://docs.google.com/spreadsheets/d/16cggDeW_DRwjbxWXilATSNVIdBKlTj3LR9OFpTDQR0g
ecn,cones2022,v0.1,https://docs.google.com/spreadsheets/d/16cggDeW_DRwjbxWXilATSNVIdBKlTj3LR9OFpTDQR0g
mfc,walton2021a,v0.1,https://docs.google.com/spreadsheets/d/1zRA77pWp4nFZ9sjhVKXxxe0TBSg96QBC0L8XThshfQE
mfc,delarosa2019,v0.1,https://docs.google.com/spreadsheets/d/1zRA77pWp4nFZ9sjhVKXxxe0TBSg96QBC0L8XThshfQE
mfc,russell2012,v0.1,https://docs.google.com/spreadsheets/d/1zRA77pWp4nFZ9sjhVKXxxe0TBSg96QBC0L8XThshfQE
mfc,brewster2021,v0.1,https://docs.google.com/spreadsheets/d/1zRA77pWp4nFZ9sjhVKXxxe0TBSg96QBC0L8XThshfQE
mfc,hampton2021,v0.1,https://docs.google.com/spreadsheets/d/1zRA77pWp4nFZ9sjhVKXxxe0TBSg96QBC0L8XThshfQE
mfc,clark2010,v0.1,https://docs.google.com/spreadsheets/d/1zRA77pWp4nFZ9sjhVKXxxe0TBSg96QBC0L8XThshfQE
mfc,albertsen2019,v0.1,https://docs.google.com/spreadsheets/d/1zRA77pWp4nFZ9sjhVKXxxe0TBSg96QBC0L8XThshfQE
mfc,tavares2023,v0.1,https://docs.google.com/spreadsheets/d/1zRA77pWp4nFZ9sjhVKXxxe0TBSg96QBC0L8XThshfQE
mfc,vanderkolk2022b,v0.1,https://docs.google.com/spreadsheets/d/1zRA77pWp4nFZ9sjhVKXxxe0TBSg96QBC0L8XThshfQE
mfc,stewart2013,v0.1,https://docs.google.com/spreadsheets/d/1zRA77pWp4nFZ9sjhVKXxxe0TBSg96QBC0L8XThshfQE
mfc,alvarenga2016a,v0.1,https://docs.google.com/spreadsheets/d/1zRA77pWp4nFZ9sjhVKXxxe0TBSg96QBC0L8XThshfQE
mfc,stafford2018,v0.1,https://docs.google.com/spreadsheets/d/1zRA77pWp4nFZ9sjhVKXxxe0TBSg96QBC0L8XThshfQE
mfc,nowacek2016,v0.1,https://docs.google.com/spreadsheets/d/1zRA77pWp4nFZ9sjhVKXxxe0TBSg96QBC0L8XThshfQE
mfc,balmer2018,v0.1,https://docs.google.com/spreadsheets/d/1zRA77pWp4nFZ9sjhVKXxxe0TBSg96QBC0L8XThshfQE
mfc,cones2022,v0.1,https://docs.google.com/spreadsheets/d/1zRA77pWp4nFZ9sjhVKXxxe0TBSg96QBC0L8XThshfQE
mfc,shearer2019,v0.1,https://docs.google.com/spreadsheets/d/1zRA77pWp4nFZ9sjhVKXxxe0TBSg96QBC0L8XThshfQE
mfc,sheppard2010,v0.1,https://docs.google.com/spreadsheets/d/1zRA77pWp4nFZ9sjhVKXxxe0TBSg96QBC0L8XThshfQE
mfc,mott2015,v0.1,https://docs.google.com/spreadsheets/d/1zRA77pWp4nFZ9sjhVKXxxe0TBSg96QBC0L8XThshfQE
mfc,wolfson2020,v0.1,https://docs.google.com/spreadsheets/d/1zRA77pWp4nFZ9sjhVKXxxe0TBSg96QBC0L8XThshfQE
mfc,graesli2020a,v0.1,https://docs.google.com/spreadsheets/d/1zRA77pWp4nFZ9sjhVKXxxe0TBSg96QBC0L8XThshfQE
mfc,kadar2019,v0.1,https://docs.google.com/spreadsheets/d/1zRA77pWp4nFZ9sjhVKXxxe0TBSg96QBC0L8XThshfQE
mfc,portelinha2022,v0.1,https://docs.google.com/spreadsheets/d/1zRA77pWp4nFZ9sjhVKXxxe0TBSg96QBC0L8XThshfQE
mfc,rushen2012a,v0.1,https://docs.google.com/spreadsheets/d/1zRA77pWp4nFZ9sjhVKXxxe0TBSg96QBC0L8XThshfQE
mfc,orgeret2021,v0.1,https://docs.google.com/spreadsheets/d/1zRA77pWp4nFZ9sjhVKXxxe0TBSg96QBC0L8XThshfQE
mfc,mccafferty2007,v0.1,https://docs.google.com/spreadsheets/d/1zRA77pWp4nFZ9sjhVKXxxe0TBSg96QBC0L8XThshfQE
mfc,combrink2017,v0.1,https://docs.google.com/spreadsheets/d/1zRA77pWp4nFZ9sjhVKXxxe0TBSg96QBC0L8XThshfQE
mfc,akesson2014,v0.1,https://docs.google.com/spreadsheets/d/1zRA77pWp4nFZ9sjhVKXxxe0TBSg96QBC0L8XThshfQE
mfc,havmoller2021,v0.1,https://docs.google.com/spreadsheets/d/1zRA77pWp4nFZ9sjhVKXxxe0TBSg96QBC0L8XThshfQE
mfc,ogun2022,v0.1,https://docs.google.com/spreadsheets/d/1zRA77pWp4nFZ9sjhVKXxxe0TBSg96QBC0L8XThshfQE
mfc,maclean2007,v0.1,https://docs.google.com/spreadsheets/d/1zRA77pWp4nFZ9sjhVKXxxe0TBSg96QBC0L8XThshfQE
mfc,lesmerises2018a,v0.1,https://docs.google.com/spreadsheets/d/1zRA77pWp4nFZ9sjhVKXxxe0TBSg96QBC0L8XThshfQE
mfc,santos2019b,v0.1,https://docs.google.com/spreadsheets/d/1zRA77pWp4nFZ9sjhVKXxxe0TBSg96QBC0L8XThshfQE
mfc,neave2021,v0.1,https://docs.google.com/spreadsheets/d/1zRA77pWp4nFZ9sjhVKXxxe0TBSg96QBC0L8XThshfQE
mfc,peschko2021,v0.1,https://docs.google.com/spreadsheets/d/1zRA77pWp4nFZ9sjhVKXxxe0TBSg96QBC0L8XThshfQE
mfc,hart2020b,v0.1,https://docs.google.com/spreadsheets/d/1zRA77pWp4nFZ9sjhVKXxxe0TBSg96QBC0L8XThshfQE
mfc,goncalves2021,v0.1,https://docs.google.com/spreadsheets/d/1zRA77pWp4nFZ9sjhVKXxxe0TBSg96QBC0L8XThshfQE
mfc,johnson2016a,v0.1,https://docs.google.com/spreadsheets/d/1zRA77pWp4nFZ9sjhVKXxxe0TBSg96QBC0L8XThshfQE
mfc,cleasby2015,v0.1,https://docs.google.com/spreadsheets/d/1zRA77pWp4nFZ9sjhVKXxxe0TBSg96QBC0L8XThshfQE
mfc,farthing2020,v0.1,https://docs.google.com/spreadsheets/d/1zRA77pWp4nFZ9sjhVKXxxe0TBSg96QBC0L8XThshfQE
mfc,harrington2020,v0.1,https://docs.google.com/spreadsheets/d/1zRA77pWp4nFZ9sjhVKXxxe0TBSg96QBC0L8XThshfQE
mfc,bajzak2013,v0.1,https://docs.google.com/spreadsheets/d/1zRA77pWp4nFZ9sjhVKXxxe0TBSg96QBC0L8XThshfQE
mfc,photopoulou2014,v0.1,https://docs.google.com/spreadsheets/d/1zRA77pWp4nFZ9sjhVKXxxe0TBSg96QBC0L8XThshfQE
mfc,mitchell2019,v0.1,https://docs.google.com/spreadsheets/d/1zRA77pWp4nFZ9sjhVKXxxe0TBSg96QBC0L8XThshfQE
mfc,thorne2017,v0.1,https://docs.google.com/spreadsheets/d/1zRA77pWp4nFZ9sjhVKXxxe0TBSg96QBC0L8XThshfQE
mfc,murray2017a,v0.1,https://docs.google.com/spreadsheets/d/1zRA77pWp4nFZ9sjhVKXxxe0TBSg96QBC0L8XThshfQE
mfc,halfyard2017,v0.1,https://docs.google.com/spreadsheets/d/1zRA77pWp4nFZ9sjhVKXxxe0TBSg96QBC0L8XThshfQE
mfc,lear2020,v0.1,https://docs.google.com/spreadsheets/d/1zRA77pWp4nFZ9sjhVKXxxe0TBSg96QBC0L8XThshfQE
mfc,iverson2019,v0.1,https://docs.google.com/spreadsheets/d/1zRA77pWp4nFZ9sjhVKXxxe0TBSg96QBC0L8XThshfQE
mfc,gutzler2022,v0.1,https://docs.google.com/spreadsheets/d/1zRA77pWp4nFZ9sjhVKXxxe0TBSg96QBC0L8XThshfQE
mfc,sakamoto2009,v0.1,https://docs.google.com/spreadsheets/d/1zRA77pWp4nFZ9sjhVKXxxe0TBSg96QBC0L8XThshfQE
mfc,thomson2018,v0.1,https://docs.google.com/spreadsheets/d/1zRA77pWp4nFZ9sjhVKXxxe0TBSg96QBC0L8XThshfQE
mfc,hooven2023a,v0.1,https://docs.google.com/spreadsheets/d/1zRA77pWp4nFZ9sjhVKXxxe0TBSg96QBC0L8XThshfQE
mfc,sawalhah2016,v0.1,https://docs.google.com/spreadsheets/d/1zRA77pWp4nFZ9sjhVKXxxe0TBSg96QBC0L8XThshfQE
mfc,zanon2022,v0.1,https://docs.google.com/spreadsheets/d/1zRA77pWp4nFZ9sjhVKXxxe0TBSg96QBC0L8XThshfQE
mfc,stafford2016,v0.1,https://docs.google.com/spreadsheets/d/1zRA77pWp4nFZ9sjhVKXxxe0TBSg96QBC0L8XThshfQE
mfc,griffin2020,v0.1,https://docs.google.com/spreadsheets/d/1zRA77pWp4nFZ9sjhVKXxxe0TBSg96QBC0L8XThshfQE
mfc,amelineau2021,v0.1,https://docs.google.com/spreadsheets/d/1zRA77pWp4nFZ9sjhVKXxxe0TBSg96QBC0L8XThshfQE
mfc,muthoka2023,v0.1,https://docs.google.com/spreadsheets/d/1zRA77pWp4nFZ9sjhVKXxxe0TBSg96QBC0L8XThshfQE
mfc,byholm2022,v0.1,https://docs.google.com/spreadsheets/d/1zRA77pWp4nFZ9sjhVKXxxe0TBSg96QBC0L8XThshfQE
mfc,otoole2017,v0.1,https://docs.google.com/spreadsheets/d/1zRA77pWp4nFZ9sjhVKXxxe0TBSg96QBC0L8XThshfQE
mfc,raby2014,v0.1,https://docs.google.com/spreadsheets/d/1zRA77pWp4nFZ9sjhVKXxxe0TBSg96QBC0L8XThshfQE
mfc,joo2020,v0.1,https://docs.google.com/spreadsheets/d/1zRA77pWp4nFZ9sjhVKXxxe0TBSg96QBC0L8XThshfQE
mfc,latombe2014,v0.1,https://docs.google.com/spreadsheets/d/1zRA77pWp4nFZ9sjhVKXxxe0TBSg96QBC0L8XThshfQE
mfc,leu2021,v0.1,https://docs.google.com/spreadsheets/d/1zRA77pWp4nFZ9sjhVKXxxe0TBSg96QBC0L8XThshfQE
mfc,lefebvre2018,v0.1,https://docs.google.com/spreadsheets/d/1zRA77pWp4nFZ9sjhVKXxxe0TBSg96QBC0L8XThshfQE
mfc,bakermans2022,v0.1,https://docs.google.com/spreadsheets/d/1zRA77pWp4nFZ9sjhVKXxxe0TBSg96QBC0L8XThshfQE
mfc,nguyen2017,v0.1,https://docs.google.com/spreadsheets/d/1zRA77pWp4nFZ9sjhVKXxxe0TBSg96QBC0L8XThshfQE
mfc,trondrud2021a,v0.1,https://docs.google.com/spreadsheets/d/1zRA77pWp4nFZ9sjhVKXxxe0TBSg96QBC0L8XThshfQE
mfc,dhaen2019,v0.1,https://docs.google.com/spreadsheets/d/1zRA77pWp4nFZ9sjhVKXxxe0TBSg96QBC0L8XThshfQE
mfc,karelus2021,v0.1,https://docs.google.com/spreadsheets/d/1zRA77pWp4nFZ9sjhVKXxxe0TBSg96QBC0L8XThshfQE
mfc,bachmann2021,v0.1,https://docs.google.com/spreadsheets/d/1zRA77pWp4nFZ9sjhVKXxxe0TBSg96QBC0L8XThshfQE
mfc,thiem2013,v0.1,https://docs.google.com/spreadsheets/d/1zRA77pWp4nFZ9sjhVKXxxe0TBSg96QBC0L8XThshfQE
mfc,becciu2023,v0.1,https://docs.google.com/spreadsheets/d/1zRA77pWp4nFZ9sjhVKXxxe0TBSg96QBC0L8XThshfQE
mfc,hetem2012a,v0.1,https://docs.google.com/spreadsheets/d/1zRA77pWp4nFZ9sjhVKXxxe0TBSg96QBC0L8XThshfQE
mfc,watanabe2013a,v0.1,https://docs.google.com/spreadsheets/d/1zRA77pWp4nFZ9sjhVKXxxe0TBSg96QBC0L8XThshfQE
mfc,ballard2019,v0.1,https://docs.google.com/spreadsheets/d/1zRA77pWp4nFZ9sjhVKXxxe0TBSg96QBC0L8XThshfQE
mfc,emmerson2011,v0.1,https://docs.google.com/spreadsheets/d/1zRA77pWp4nFZ9sjhVKXxxe0TBSg96QBC0L8XThshfQE
mfc,sawa2020,v0.1,https://docs.google.com/spreadsheets/d/1zRA77pWp4nFZ9sjhVKXxxe0TBSg96QBC0L8XThshfQE
mfc,fournier2019,v0.1,https://docs.google.com/spreadsheets/d/1zRA77pWp4nFZ9sjhVKXxxe0TBSg96QBC0L8XThshfQE
mfc,vigo2021,v0.1,https://docs.google.com/spreadsheets/d/1zRA77pWp4nFZ9sjhVKXxxe0TBSg96QBC0L8XThshfQE
mfc,lalla2022,v0.1,https://docs.google.com/spreadsheets/d/1zRA77pWp4nFZ9sjhVKXxxe0TBSg96QBC0L8XThshfQE
mfc,hays2021b,v0.1,https://docs.google.com/spreadsheets/d/1zRA77pWp4nFZ9sjhVKXxxe0TBSg96QBC0L8XThshfQE
mfc,pitman2023,v0.1,https://docs.google.com/spreadsheets/d/1zRA77pWp4nFZ9sjhVKXxxe0TBSg96QBC0L8XThshfQE
mfc,blanchet2019,v0.1,https://docs.google.com/spreadsheets/d/1zRA77pWp4nFZ9sjhVKXxxe0TBSg96QBC0L8XThshfQE
mfc,hartel2020,v0.1,https://docs.google.com/spreadsheets/d/1zRA77pWp4nFZ9sjhVKXxxe0TBSg96QBC0L8XThshfQE
mfc,edwards2019,v0.1,https://docs.google.com/spreadsheets/d/1zRA77pWp4nFZ9sjhVKXxxe0TBSg96QBC0L8XThshfQE
mfc,broekman2022,v0.1,https://docs.google.com/spreadsheets/d/1zRA77pWp4nFZ9sjhVKXxxe0TBSg96QBC0L8XThshfQE
mfc,leu2018,v0.1,https://docs.google.com/spreadsheets/d/1zRA77pWp4nFZ9sjhVKXxxe0TBSg96QBC0L8XThshfQE
mfc,skupien2016,v0.1,https://docs.google.com/spreadsheets/d/1zRA77pWp4nFZ9sjhVKXxxe0TBSg96QBC0L8XThshfQE
mfc,elliott2022,v0.1,https://docs.google.com/spreadsheets/d/1zRA77pWp4nFZ9sjhVKXxxe0TBSg96QBC0L8XThshfQE
mfc,kirol2020,v0.1,https://docs.google.com/spreadsheets/d/1zRA77pWp4nFZ9sjhVKXxxe0TBSg96QBC0L8XThshfQE
mfc,dentinger2022,v0.1,https://docs.google.com/spreadsheets/d/1zRA77pWp4nFZ9sjhVKXxxe0TBSg96QBC0L8XThshfQE
mfc,rafiq2019,v0.1,https://docs.google.com/spreadsheets/d/1zRA77pWp4nFZ9sjhVKXxxe0TBSg96QBC0L8XThshfQE
mfc,loarie2013,v0.1,https://docs.google.com/spreadsheets/d/1zRA77pWp4nFZ9sjhVKXxxe0TBSg96QBC0L8XThshfQE
mfc,garcia2021b,v0.1,https://docs.google.com/spreadsheets/d/1zRA77pWp4nFZ9sjhVKXxxe0TBSg96QBC0L8XThshfQE
mfc,kinney2017,v0.1,https://docs.google.com/spreadsheets/d/1zRA77pWp4nFZ9sjhVKXxxe0TBSg96QBC0L8XThshfQE
mfc,blanco2013,v0.1,https://docs.google.com/spreadsheets/d/1zRA77pWp4nFZ9sjhVKXxxe0TBSg96QBC0L8XThshfQE
mfc,coughlin2014,v0.1,https://docs.google.com/spreadsheets/d/1zRA77pWp4nFZ9sjhVKXxxe0TBSg96QBC0L8XThshfQE
mfc,kikuchi2012,v0.1,https://docs.google.com/spreadsheets/d/1zRA77pWp4nFZ9sjhVKXxxe0TBSg96QBC0L8XThshfQE
mfc,narazaki2009,v0.1,https://docs.google.com/spreadsheets/d/1zRA77pWp4nFZ9sjhVKXxxe0TBSg96QBC0L8XThshfQE
mfc,lopes2021,v0.1,https://docs.google.com/spreadsheets/d/1zRA77pWp4nFZ9sjhVKXxxe0TBSg96QBC0L8XThshfQE
mfc,owensmith2014b,v0.1,https://docs.google.com/spreadsheets/d/1zRA77pWp4nFZ9sjhVKXxxe0TBSg96QBC0L8XThshfQE
mfc,recio2011a,v0.1,https://docs.google.com/spreadsheets/d/1zRA77pWp4nFZ9sjhVKXxxe0TBSg96QBC0L8XThshfQE
mfc,shariatinajafabadi2014,v0.1,https://docs.google.com/spreadsheets/d/1zRA77pWp4nFZ9sjhVKXxxe0TBSg96QBC0L8XThshfQE
mfc,gentes2015,v0.1,https://docs.google.com/spreadsheets/d/1zRA77pWp4nFZ9sjhVKXxxe0TBSg96QBC0L8XThshfQE
mfc,hooijmeijer2014,v0.1,https://docs.google.com/spreadsheets/d/1zRA77pWp4nFZ9sjhVKXxxe0TBSg96QBC0L8XThshfQE
mfc,thiel2019,v0.1,https://docs.google.com/spreadsheets/d/1zRA77pWp4nFZ9sjhVKXxxe0TBSg96QBC0L8XThshfQE
mfc,lambertucci2018,v0.1,https://docs.google.com/spreadsheets/d/1zRA77pWp4nFZ9sjhVKXxxe0TBSg96QBC0L8XThshfQE
mfc,oppel2008b,v0.1,https://docs.google.com/spreadsheets/d/1zRA77pWp4nFZ9sjhVKXxxe0TBSg96QBC0L8XThshfQE
mfc,ranglack2022,v0.1,https://docs.google.com/spreadsheets/d/1zRA77pWp4nFZ9sjhVKXxxe0TBSg96QBC0L8XThshfQE
mfc,thys2001,v0.1,https://docs.google.com/spreadsheets/d/1zRA77pWp4nFZ9sjhVKXxxe0TBSg96QBC0L8XThshfQE
mfc,cianchettibenedetti2017,v0.1,https://docs.google.com/spreadsheets/d/1zRA77pWp4nFZ9sjhVKXxxe0TBSg96QBC0L8XThshfQE
mfc,payne2022,v0.1,https://docs.google.com/spreadsheets/d/1zRA77pWp4nFZ9sjhVKXxxe0TBSg96QBC0L8XThshfQE
mfc,wilson2015d,v0.1,https://docs.google.com/spreadsheets/d/1zRA77pWp4nFZ9sjhVKXxxe0TBSg96QBC0L8XThshfQE
mfc,resheff2022,v0.1,https://docs.google.com/spreadsheets/d/1zRA77pWp4nFZ9sjhVKXxxe0TBSg96QBC0L8XThshfQE
mfc,cristescu2016a,v0.1,https://docs.google.com/spreadsheets/d/1zRA77pWp4nFZ9sjhVKXxxe0TBSg96QBC0L8XThshfQE
mfc,parsons2014,v0.1,https://docs.google.com/spreadsheets/d/1zRA77pWp4nFZ9sjhVKXxxe0TBSg96QBC0L8XThshfQE
mfc,lecomte2010,v0.1,https://docs.google.com/spreadsheets/d/1zRA77pWp4nFZ9sjhVKXxxe0TBSg96QBC0L8XThshfQE
mfc,acciaro2022,v0.1,https://docs.google.com/spreadsheets/d/1zRA77pWp4nFZ9sjhVKXxxe0TBSg96QBC0L8XThshfQE
mfc,janeau1987,v0.1,https://docs.google.com/spreadsheets/d/1zRA77pWp4nFZ9sjhVKXxxe0TBSg96QBC0L8XThshfQE
mfc,rogers2005,v0.1,https://docs.google.com/spreadsheets/d/1zRA77pWp4nFZ9sjhVKXxxe0TBSg96QBC0L8XThshfQE
mfc,friedlaender2013,v0.1,https://docs.google.com/spreadsheets/d/1zRA77pWp4nFZ9sjhVKXxxe0TBSg96QBC0L8XThshfQE
mfc,clermont2021,v0.1,https://docs.google.com/spreadsheets/d/1zRA77pWp4nFZ9sjhVKXxxe0TBSg96QBC0L8XThshfQE
mfc,ito2013,v0.1,https://docs.google.com/spreadsheets/d/1zRA77pWp4nFZ9sjhVKXxxe0TBSg96QBC0L8XThshfQE
mfc,delamorena2015,v0.1,https://docs.google.com/spreadsheets/d/1zRA77pWp4nFZ9sjhVKXxxe0TBSg96QBC0L8XThshfQE
mfc,zheng2018,v0.1,https://docs.google.com/spreadsheets/d/1zRA77pWp4nFZ9sjhVKXxxe0TBSg96QBC0L8XThshfQE
mfc,brown2012b,v0.1,https://docs.google.com/spreadsheets/d/1zRA77pWp4nFZ9sjhVKXxxe0TBSg96QBC0L8XThshfQE
mfc,laplanche2015,v0.1,https://docs.google.com/spreadsheets/d/1zRA77pWp4nFZ9sjhVKXxxe0TBSg96QBC0L8XThshfQE
mfc,cardenas2020,v0.1,https://docs.google.com/spreadsheets/d/1zRA77pWp4nFZ9sjhVKXxxe0TBSg96QBC0L8XThshfQE
mfc,bowlby2022,v0.1,https://docs.google.com/spreadsheets/d/1zRA77pWp4nFZ9sjhVKXxxe0TBSg96QBC0L8XThshfQE
mfc,leu2016,v0.1,https://docs.google.com/spreadsheets/d/1zRA77pWp4nFZ9sjhVKXxxe0TBSg96QBC0L8XThshfQE
mfc,sala2014,v0.1,https://docs.google.com/spreadsheets/d/1zRA77pWp4nFZ9sjhVKXxxe0TBSg96QBC0L8XThshfQE
mfc,stalder2020,v0.1,https://docs.google.com/spreadsheets/d/1zRA77pWp4nFZ9sjhVKXxxe0TBSg96QBC0L8XThshfQE
mfc,alerstam1996,v0.1,https://docs.google.com/spreadsheets/d/1zRA77pWp4nFZ9sjhVKXxxe0TBSg96QBC0L8XThshfQE
mfc,delgiudice2018,v0.1,https://docs.google.com/spreadsheets/d/1zRA77pWp4nFZ9sjhVKXxxe0TBSg96QBC0L8XThshfQE
mfc,kjaer2022,v0.1,https://docs.google.com/spreadsheets/d/1zRA77pWp4nFZ9sjhVKXxxe0TBSg96QBC0L8XThshfQE
mfc,klimley2017,v0.1,https://docs.google.com/spreadsheets/d/1zRA77pWp4nFZ9sjhVKXxxe0TBSg96QBC0L8XThshfQE
mfc,peres2023,v0.1,https://docs.google.com/spreadsheets/d/1zRA77pWp4nFZ9sjhVKXxxe0TBSg96QBC0L8XThshfQE
mfc,decastro2014,v0.1,https://docs.google.com/spreadsheets/d/1zRA77pWp4nFZ9sjhVKXxxe0TBSg96QBC0L8XThshfQE
mfc,adachi2017,v0.1,https://docs.google.com/spreadsheets/d/1zRA77pWp4nFZ9sjhVKXxxe0TBSg96QBC0L8XThshfQE
mfc,leighty2009,v0.1,https://docs.google.com/spreadsheets/d/1zRA77pWp4nFZ9sjhVKXxxe0TBSg96QBC0L8XThshfQE
mfc,andrews1998,v0.1,https://docs.google.com/spreadsheets/d/1zRA77pWp4nFZ9sjhVKXxxe0TBSg96QBC0L8XThshfQE
mfc,zhang2019b,v0.1,https://docs.google.com/spreadsheets/d/1zRA77pWp4nFZ9sjhVKXxxe0TBSg96QBC0L8XThshfQE
mfc,aoki2021,v0.1,https://docs.google.com/spreadsheets/d/1zRA77pWp4nFZ9sjhVKXxxe0TBSg96QBC0L8XThshfQE
mfc,benson2018,v0.1,https://docs.google.com/spreadsheets/d/1zRA77pWp4nFZ9sjhVKXxxe0TBSg96QBC0L8XThshfQE
mfc,lescroel2020,v0.1,https://docs.google.com/spreadsheets/d/1zRA77pWp4nFZ9sjhVKXxxe0TBSg96QBC0L8XThshfQE
mfc,sibbald2011,v0.1,https://docs.google.com/spreadsheets/d/1zRA77pWp4nFZ9sjhVKXxxe0TBSg96QBC0L8XThshfQE
mfc,taylor2017,v0.1,https://docs.google.com/spreadsheets/d/1zRA77pWp4nFZ9sjhVKXxxe0TBSg96QBC0L8XThshfQE
mfc,cerritelli2020,v0.1,https://docs.google.com/spreadsheets/d/1zRA77pWp4nFZ9sjhVKXxxe0TBSg96QBC0L8XThshfQE
mfc,gales2012,v0.1,https://docs.google.com/spreadsheets/d/1zRA77pWp4nFZ9sjhVKXxxe0TBSg96QBC0L8XThshfQE
mfc,kohut2014,v0.1,https://docs.google.com/spreadsheets/d/1zRA77pWp4nFZ9sjhVKXxxe0TBSg96QBC0L8XThshfQE
tac,lesmerises2018a,v0.1,https://docs.google.com/spreadsheets/d/1wSzD3vzcam_RS9KnAcjemx5q12QMGcMYU2s-Tz1pbyI
tac,santos2019b,v0.1,https://docs.google.com/spreadsheets/d/1wSzD3vzcam_RS9KnAcjemx5q12QMGcMYU2s-Tz1pbyI
tac,neave2021,v0.1,https://docs.google.com/spreadsheets/d/1wSzD3vzcam_RS9KnAcjemx5q12QMGcMYU2s-Tz1pbyI
tac,peschko2021,v0.1,https://docs.google.com/spreadsheets/d/1wSzD3vzcam_RS9KnAcjemx5q12QMGcMYU2s-Tz1pbyI
tac,hart2020b,v0.1,https://docs.google.com/spreadsheets/d/1wSzD3vzcam_RS9KnAcjemx5q12QMGcMYU2s-Tz1pbyI
tac,goncalves2021,v0.1,https://docs.google.com/spreadsheets/d/1wSzD3vzcam_RS9KnAcjemx5q12QMGcMYU2s-Tz1pbyI
tac,johnson2016a,v0.1,https://docs.google.com/spreadsheets/d/1wSzD3vzcam_RS9KnAcjemx5q12QMGcMYU2s-Tz1pbyI
tac,cleasby2015,v0.1,https://docs.google.com/spreadsheets/d/1wSzD3vzcam_RS9KnAcjemx5q12QMGcMYU2s-Tz1pbyI
tac,farthing2020,v0.1,https://docs.google.com/spreadsheets/d/1wSzD3vzcam_RS9KnAcjemx5q12QMGcMYU2s-Tz1pbyI
tac,harrington2020,v0.1,https://docs.google.com/spreadsheets/d/1wSzD3vzcam_RS9KnAcjemx5q12QMGcMYU2s-Tz1pbyI
arp,walton2021a,v0.1,https://docs.google.com/spreadsheets/d/1QQ1pBLUpdMqe_lp6J1eTIRFFz9iVtj0L
arp,delarosa2019,v0.1,https://docs.google.com/spreadsheets/d/1QQ1pBLUpdMqe_lp6J1eTIRFFz9iVtj0L
arp,russell2012,v0.1,https://docs.google.com/spreadsheets/d/1QQ1pBLUpdMqe_lp6J1eTIRFFz9iVtj0L
arp,brewster2021,v0.1,https://docs.google.com/spreadsheets/d/1QQ1pBLUpdMqe_lp6J1eTIRFFz9iVtj0L
arp,hampton2021,v0.1,https://docs.google.com/spreadsheets/d/1QQ1pBLUpdMqe_lp6J1eTIRFFz9iVtj0L
arp,clark2010,v0.1,https://docs.google.com/spreadsheets/d/1QQ1pBLUpdMqe_lp6J1eTIRFFz9iVtj0L
arp,albertsen2019,v0.1,https://docs.google.com/spreadsheets/d/1QQ1pBLUpdMqe_lp6J1eTIRFFz9iVtj0L
arp,tavares2023,v0.1,https://docs.google.com/spreadsheets/d/1QQ1pBLUpdMqe_lp6J1eTIRFFz9iVtj0L
arp,vanderkolk2022b,v0.1,https://docs.google.com/spreadsheets/d/1QQ1pBLUpdMqe_lp6J1eTIRFFz9iVtj0L
arp,stewart2013,v0.1,https://docs.google.com/spreadsheets/d/1QQ1pBLUpdMqe_lp6J1eTIRFFz9iVtj0L
arp,alvarenga2016a,v0.1,https://docs.google.com/spreadsheets/d/1QQ1pBLUpdMqe_lp6J1eTIRFFz9iVtj0L
arp,stafford2018,v0.1,https://docs.google.com/spreadsheets/d/1QQ1pBLUpdMqe_lp6J1eTIRFFz9iVtj0L
arp,nowacek2016,v0.1,https://docs.google.com/spreadsheets/d/1QQ1pBLUpdMqe_lp6J1eTIRFFz9iVtj0L
arp,balmer2018,v0.1,https://docs.google.com/spreadsheets/d/1QQ1pBLUpdMqe_lp6J1eTIRFFz9iVtj0L
arp,cones2022,v0.1,https://docs.google.com/spreadsheets/d/1QQ1pBLUpdMqe_lp6J1eTIRFFz9iVtj0L
arp,shearer2019,v0.1,https://docs.google.com/spreadsheets/d/1QQ1pBLUpdMqe_lp6J1eTIRFFz9iVtj0L
arp,sheppard2010,v0.1,https://docs.google.com/spreadsheets/d/1QQ1pBLUpdMqe_lp6J1eTIRFFz9iVtj0L
arp,mott2015,v0.1,https://docs.google.com/spreadsheets/d/1QQ1pBLUpdMqe_lp6J1eTIRFFz9iVtj0L
arp,wolfson2020,v0.1,https://docs.google.com/spreadsheets/d/1QQ1pBLUpdMqe_lp6J1eTIRFFz9iVtj0L
arp,graesli2020a,v0.1,https://docs.google.com/spreadsheets/d/1QQ1pBLUpdMqe_lp6J1eTIRFFz9iVtj0L
arp,kadar2019,v0.1,https://docs.google.com/spreadsheets/d/1QQ1pBLUpdMqe_lp6J1eTIRFFz9iVtj0L
arp,portelinha2022,v0.1,https://docs.google.com/spreadsheets/d/1QQ1pBLUpdMqe_lp6J1eTIRFFz9iVtj0L
arp,rushen2012a,v0.1,https://docs.google.com/spreadsheets/d/1QQ1pBLUpdMqe_lp6J1eTIRFFz9iVtj0L
arp,orgeret2021,v0.1,https://docs.google.com/spreadsheets/d/1QQ1pBLUpdMqe_lp6J1eTIRFFz9iVtj0L
arp,mccafferty2007,v0.1,https://docs.google.com/spreadsheets/d/1QQ1pBLUpdMqe_lp6J1eTIRFFz9iVtj0L
arp,combrink2017,v0.1,https://docs.google.com/spreadsheets/d/1QQ1pBLUpdMqe_lp6J1eTIRFFz9iVtj0L
arp,akesson2014,v0.1,https://docs.google.com/spreadsheets/d/1QQ1pBLUpdMqe_lp6J1eTIRFFz9iVtj0L
arp,havmoller2021,v0.1,https://docs.google.com/spreadsheets/d/1QQ1pBLUpdMqe_lp6J1eTIRFFz9iVtj0L
arp,ogun2022,v0.1,https://docs.google.com/spreadsheets/d/1QQ1pBLUpdMqe_lp6J1eTIRFFz9iVtj0L
arp,maclean2007,v0.1,https://docs.google.com/spreadsheets/d/1QQ1pBLUpdMqe_lp6J1eTIRFFz9iVtj0L
arp,lesmerises2018a,v0.1,https://docs.google.com/spreadsheets/d/1QQ1pBLUpdMqe_lp6J1eTIRFFz9iVtj0L
arp,santos2019b,v0.1,https://docs.google.com/spreadsheets/d/1QQ1pBLUpdMqe_lp6J1eTIRFFz9iVtj0L
arp,neave2021,v0.1,https://docs.google.com/spreadsheets/d/1QQ1pBLUpdMqe_lp6J1eTIRFFz9iVtj0L
arp,peschko2021,v0.1,https://docs.google.com/spreadsheets/d/1QQ1pBLUpdMqe_lp6J1eTIRFFz9iVtj0L
arp,hart2020b,v0.1,https://docs.google.com/spreadsheets/d/1QQ1pBLUpdMqe_lp6J1eTIRFFz9iVtj0L
arp,goncalves2021,v0.1,https://docs.google.com/spreadsheets/d/1QQ1pBLUpdMqe_lp6J1eTIRFFz9iVtj0L
arp,parga2011,v0.2,https://docs.google.com/spreadsheets/d/16CXFYVccd1viJqU3OwBMuAMPO0lZks_j9Wh9ZUXKfR4
arp,bombieri2021,v0.2,https://docs.google.com/spreadsheets/d/16CXFYVccd1viJqU3OwBMuAMPO0lZks_j9Wh9ZUXKfR4
arp,lenske2018,v0.2,https://docs.google.com/spreadsheets/d/16CXFYVccd1viJqU3OwBMuAMPO0lZks_j9Wh9ZUXKfR4
arp,thaker2019,v0.2,https://docs.google.com/spreadsheets/d/16CXFYVccd1viJqU3OwBMuAMPO0lZks_j9Wh9ZUXKfR4
arp,angelier2008,v0.2,https://docs.google.com/spreadsheets/d/16CXFYVccd1viJqU3OwBMuAMPO0lZks_j9Wh9ZUXKfR4
arp,studd2021,v0.2,https://docs.google.com/spreadsheets/d/16CXFYVccd1viJqU3OwBMuAMPO0lZks_j9Wh9ZUXKfR4
arp,bolton2019,v0.2,https://docs.google.com/spreadsheets/d/16CXFYVccd1viJqU3OwBMuAMPO0lZks_j9Wh9ZUXKfR4
arp,shillinger2011,v0.2,https://docs.google.com/spreadsheets/d/16CXFYVccd1viJqU3OwBMuAMPO0lZks_j9Wh9ZUXKfR4
arp,migli2021,v0.2,https://docs.google.com/spreadsheets/d/16CXFYVccd1viJqU3OwBMuAMPO0lZks_j9Wh9ZUXKfR4
arp,nosal2019,v0.2,https://docs.google.com/spreadsheets/d/16CXFYVccd1viJqU3OwBMuAMPO0lZks_j9Wh9ZUXKfR4
arp,alfonso2020,v0.2,https://docs.google.com/spreadsheets/d/16CXFYVccd1viJqU3OwBMuAMPO0lZks_j9Wh9ZUXKfR4
arp,dendrinos2007,v0.2,https://docs.google.com/spreadsheets/d/16CXFYVccd1viJqU3OwBMuAMPO0lZks_j9Wh9ZUXKfR4
arp,cullen2023,v0.2,https://docs.google.com/spreadsheets/d/16CXFYVccd1viJqU3OwBMuAMPO0lZks_j9Wh9ZUXKfR4
arp,cade2018,v0.2,https://docs.google.com/spreadsheets/d/16CXFYVccd1viJqU3OwBMuAMPO0lZks_j9Wh9ZUXKfR4
cmh,paun2022,v0.2,https://docs.google.com/spreadsheets/d/1wXVW9ib-lmjkcSfxPnaz-arY9wy75_cNsMlPsPwfUaU
cmh,daunt2014,v0.2,https://docs.google.com/spreadsheets/d/1wXVW9ib-lmjkcSfxPnaz-arY9wy75_cNsMlPsPwfUaU
ecn,shuert2022,v0.2,https://docs.google.com/spreadsheets/d/1l_ZRgCYh2gNSbx2ppNBAlKcQboBJshlzOKbw6P6aBHY
ecn,janeau2004,v0.2,https://docs.google.com/spreadsheets/d/1l_ZRgCYh2gNSbx2ppNBAlKcQboBJshlzOKbw6P6aBHY
ecn,vanderkolk2022a,v0.2,https://docs.google.com/spreadsheets/d/1l_ZRgCYh2gNSbx2ppNBAlKcQboBJshlzOKbw6P6aBHY
ecn,blanchet2018,v0.2,https://docs.google.com/spreadsheets/d/1l_ZRgCYh2gNSbx2ppNBAlKcQboBJshlzOKbw6P6aBHY
ecn,huon2021,v0.2,https://docs.google.com/spreadsheets/d/1l_ZRgCYh2gNSbx2ppNBAlKcQboBJshlzOKbw6P6aBHY
ecn,ripperger2019,v0.2,https://docs.google.com/spreadsheets/d/1l_ZRgCYh2gNSbx2ppNBAlKcQboBJshlzOKbw6P6aBHY
ecn,hayashi2014,v0.2,https://docs.google.com/spreadsheets/d/1l_ZRgCYh2gNSbx2ppNBAlKcQboBJshlzOKbw6P6aBHY
ecn,lea2006,v0.2,https://docs.google.com/spreadsheets/d/1l_ZRgCYh2gNSbx2ppNBAlKcQboBJshlzOKbw6P6aBHY
ecn,mcclintock2018,v0.2,https://docs.google.com/spreadsheets/d/1l_ZRgCYh2gNSbx2ppNBAlKcQboBJshlzOKbw6P6aBHY
ecn,eckert2008,v0.2,https://docs.google.com/spreadsheets/d/1l_ZRgCYh2gNSbx2ppNBAlKcQboBJshlzOKbw6P6aBHY
ecn,waite2012,v0.2,https://docs.google.com/spreadsheets/d/1l_ZRgCYh2gNSbx2ppNBAlKcQboBJshlzOKbw6P6aBHY
ecn,vardanis2011,v0.2,https://docs.google.com/spreadsheets/d/1l_ZRgCYh2gNSbx2ppNBAlKcQboBJshlzOKbw6P6aBHY
ecn,pape2015a,v0.2,https://docs.google.com/spreadsheets/d/1l_ZRgCYh2gNSbx2ppNBAlKcQboBJshlzOKbw6P6aBHY
ecn,lander2011,v0.2,https://docs.google.com/spreadsheets/d/1l_ZRgCYh2gNSbx2ppNBAlKcQboBJshlzOKbw6P6aBHY
ecn,etherington2010,v0.2,https://docs.google.com/spreadsheets/d/1l_ZRgCYh2gNSbx2ppNBAlKcQboBJshlzOKbw6P6aBHY
ecn,kranstauber2019,v0.2,https://docs.google.com/spreadsheets/d/1l_ZRgCYh2gNSbx2ppNBAlKcQboBJshlzOKbw6P6aBHY
ecn,heard2008,v0.2,https://docs.google.com/spreadsheets/d/1l_ZRgCYh2gNSbx2ppNBAlKcQboBJshlzOKbw6P6aBHY
ecn,moreau2009,v0.2,https://docs.google.com/spreadsheets/d/1l_ZRgCYh2gNSbx2ppNBAlKcQboBJshlzOKbw6P6aBHY
ecn,thys2001,v0.2,https://docs.google.com/spreadsheets/d/1l_ZRgCYh2gNSbx2ppNBAlKcQboBJshlzOKbw6P6aBHY
ecn,eriksen2011,v0.2,https://docs.google.com/spreadsheets/d/1l_ZRgCYh2gNSbx2ppNBAlKcQboBJshlzOKbw6P6aBHY
ecn,wilkinson2019,v0.2,https://docs.google.com/spreadsheets/d/1l_ZRgCYh2gNSbx2ppNBAlKcQboBJshlzOKbw6P6aBHY
ecn,literak2022,v0.2,https://docs.google.com/spreadsheets/d/1l_ZRgCYh2gNSbx2ppNBAlKcQboBJshlzOKbw6P6aBHY
ecn,hart2018a,v0.2,https://docs.google.com/spreadsheets/d/1l_ZRgCYh2gNSbx2ppNBAlKcQboBJshlzOKbw6P6aBHY
ecn,jensen2020,v0.2,https://docs.google.com/spreadsheets/d/1l_ZRgCYh2gNSbx2ppNBAlKcQboBJshlzOKbw6P6aBHY
ecn,cox2020,v0.2,https://docs.google.com/spreadsheets/d/1l_ZRgCYh2gNSbx2ppNBAlKcQboBJshlzOKbw6P6aBHY
ecn,michelangeli2022,v0.2,https://docs.google.com/spreadsheets/d/1l_ZRgCYh2gNSbx2ppNBAlKcQboBJshlzOKbw6P6aBHY
ecn,merrill2003a,v0.2,https://docs.google.com/spreadsheets/d/1l_ZRgCYh2gNSbx2ppNBAlKcQboBJshlzOKbw6P6aBHY
ecn,hampton2021,v0.2,https://docs.google.com/spreadsheets/d/1l_ZRgCYh2gNSbx2ppNBAlKcQboBJshlzOKbw6P6aBHY
ecn,kjellen1997,v0.2,https://docs.google.com/spreadsheets/d/1l_ZRgCYh2gNSbx2ppNBAlKcQboBJshlzOKbw6P6aBHY
ecn,schulte2021,v0.2,https://docs.google.com/spreadsheets/d/1l_ZRgCYh2gNSbx2ppNBAlKcQboBJshlzOKbw6P6aBHY
ecn,farrell2008,v0.2,https://docs.google.com/spreadsheets/d/1l_ZRgCYh2gNSbx2ppNBAlKcQboBJshlzOKbw6P6aBHY
ecn,standfuss2022,v0.2,https://docs.google.com/spreadsheets/d/1l_ZRgCYh2gNSbx2ppNBAlKcQboBJshlzOKbw6P6aBHY
ecn,palmer2023,v0.2,https://docs.google.com/spreadsheets/d/1l_ZRgCYh2gNSbx2ppNBAlKcQboBJshlzOKbw6P6aBHY
ecn,revelles2007a,v0.2,https://docs.google.com/spreadsheets/d/1l_ZRgCYh2gNSbx2ppNBAlKcQboBJshlzOKbw6P6aBHY
ecn,nakamura2014,v0.2,https://docs.google.com/spreadsheets/d/1l_ZRgCYh2gNSbx2ppNBAlKcQboBJshlzOKbw6P6aBHY
ecn,rasiulis2014,v0.2,https://docs.google.com/spreadsheets/d/1l_ZRgCYh2gNSbx2ppNBAlKcQboBJshlzOKbw6P6aBHY
ecn,dyson2020,v0.2,https://docs.google.com/spreadsheets/d/1l_ZRgCYh2gNSbx2ppNBAlKcQboBJshlzOKbw6P6aBHY
ecn,brown2011,v0.2,https://docs.google.com/spreadsheets/d/1l_ZRgCYh2gNSbx2ppNBAlKcQboBJshlzOKbw6P6aBHY
ecn,gonzalezgurriaran2002,v0.2,https://docs.google.com/spreadsheets/d/1l_ZRgCYh2gNSbx2ppNBAlKcQboBJshlzOKbw6P6aBHY
ecn,lush2016,v0.2,https://docs.google.com/spreadsheets/d/1l_ZRgCYh2gNSbx2ppNBAlKcQboBJshlzOKbw6P6aBHY
ecn,gervasi2006,v0.2,https://docs.google.com/spreadsheets/d/1l_ZRgCYh2gNSbx2ppNBAlKcQboBJshlzOKbw6P6aBHY
ecn,diouf2016,v0.2,https://docs.google.com/spreadsheets/d/1l_ZRgCYh2gNSbx2ppNBAlKcQboBJshlzOKbw6P6aBHY
ecn,solovyeva2019,v0.2,https://docs.google.com/spreadsheets/d/1l_ZRgCYh2gNSbx2ppNBAlKcQboBJshlzOKbw6P6aBHY
ecn,franks2021,v0.2,https://docs.google.com/spreadsheets/d/1l_ZRgCYh2gNSbx2ppNBAlKcQboBJshlzOKbw6P6aBHY
ecn,ericsson2015a,v0.2,https://docs.google.com/spreadsheets/d/1l_ZRgCYh2gNSbx2ppNBAlKcQboBJshlzOKbw6P6aBHY
ecn,pagano2019,v0.2,https://docs.google.com/spreadsheets/d/1l_ZRgCYh2gNSbx2ppNBAlKcQboBJshlzOKbw6P6aBHY
mfc,melovski2020,v0.2,https://docs.google.com/spreadsheets/d/1IhkhpLklyM3nmaJLHYxkOu2kTYefaFQ9MCEqmNyx0cw
mfc,afonso2014,v0.2,https://docs.google.com/spreadsheets/d/1IhkhpLklyM3nmaJLHYxkOu2kTYefaFQ9MCEqmNyx0cw
star,khosravifard2018,v0.2,https://docs.google.com/spreadsheets/d/14vD_NsIkwU5fCFm5B5T6fY87gWoB4moqkTrQWgtMe0c
star,mercker2021,v0.2,https://docs.google.com/spreadsheets/d/14vD_NsIkwU5fCFm5B5T6fY87gWoB4moqkTrQWgtMe0c
star,skarin2008,v0.2,https://docs.google.com/spreadsheets/d/14vD_NsIkwU5fCFm5B5T6fY87gWoB4moqkTrQWgtMe0c
star,mcgranahan2018,v0.2,https://docs.google.com/spreadsheets/d/14vD_NsIkwU5fCFm5B5T6fY87gWoB4moqkTrQWgtMe0c
star,naromaciel2018,v0.2,https://docs.google.com/spreadsheets/d/14vD_NsIkwU5fCFm5B5T6fY87gWoB4moqkTrQWgtMe0c
star,feldt2016,v0.2,https://docs.google.com/spreadsheets/d/14vD_NsIkwU5fCFm5B5T6fY87gWoB4moqkTrQWgtMe0c
star,maurmann2021,v0.2,https://docs.google.com/spreadsheets/d/14vD_NsIkwU5fCFm5B5T6fY87gWoB4moqkTrQWgtMe0c
star,freitas2009,v0.2,https://docs.google.com/spreadsheets/d/14vD_NsIkwU5fCFm5B5T6fY87gWoB4moqkTrQWgtMe0c